{"normal event": {"normal event": 1.0}, "abuse": {"abuse": 1.0, "disrespect": 0.324, "vituperation": 0.355, "stinger": 0.031, "scurrility": 0.248, "low blow": 0.002}, "arrest": {"arrest": 1.0, "inaction": 0.016, "countercheck": 0.048, "logjam": 0.149, "put someone in jail": 0.1, "obstructing justice": 0.374, "urinating": 0.068, "committing perjury": 0.093, "convicting a suspect for a crime": 0.304}, "arson": {"arson": 1.0, "burning": 0.494, "criminal act": 0.204, "fire": 0.622, "igniting": 0.433, "crime": 0.351, "starting a fire": 0.134, "sometimes, death": 0.017}, "assault": {"assault": 1.0, "battery": 0.399, "mugging": 0.533, "resisting arrest": 0.533, "storm": 0.133, "attack": 0.69, "battle": 0.229}, "burglary": {"burglary": 1.0, "felony": 0.594, "housebreaking": 0.648}, "explosion": {"explosion": 1.0, "blast": 0.683, "inflation": 0.153, "change of integrity": 0.002, "airburst": 0.66, "big bang": 0.004, "increase": 0.069, "discharge": 0.105, "backfire": 0.26, "fragmentation": 0.212, "effusion": 0.224, "detonation": 0.695, "blowback": 0.268, "noise": 0.097, "fulmination": 0.21, "supernova": 0.337, "detonating": 0.611, "energy conversion process": 0.034, "decomposition": 0.084, "deflagrating": 0.519, "mine": 0.124, "lighting a match": 0.025, "death": 0.112, "examining a thing": 0.084, "destruction": 0.203, "starting a fire": 0.029, "starting a flame or a fire": 0.029}, "fighting": {"fighting": 1.0, "wrestling": 0.409, "who": 0.178, "tugging": 0.312, "floundering": 0.382, "attempt to do": 0.093, "advancing into battle": 0.254, "an arena": 0.021, "having a party": 0.208, "throw a punch": 0.062, "punching someone": 0.37, "punch your enemy": 0.249, "call each other names": 0.058}, "accident": {"road accidents": 1.0, "hap": 0.284, "lottery": 0.028, "shipwreck": 0.226, "collision": 0.637, "crash": 0.617, "injury": 0.508, "mishap": 0.779, "happening": 0.247, "coincidence": 0.302, "when a car crashes it": 0.037, "forgeting": 0.186, "oversleeping": 0.129, "falling down": 0.121, "an injury": 1.0, "moving a car": 0.102, "driving your car": 0.185, "an icy road": 1.0, "riding a bicycle": 0.026, "riding a bike": 0.026, "testing the car": 0.083, "going for a drive": 0.092, "taking the car for a drive": 0.071, "take the car for a drive": 0.006, "play football": 0.048, "doing housework": 0.052, "crossing the street": 0.001, "go to sleep": 0.223, "go for a drive": 0.223, "perform": 0.038, "going on a vacation": 0.092, "getting some physical activity": 0.05}, "robbery": {"robbery": 1.0, "larceny": 0.701, "rolling": 0.018, "caper": 0.307, "highjacking": 0.407, "dacoity": 0.422, "heist": 0.73, "piracy": 0.264, "terror": 0.064}, "shooting": {"shooting": 1.0, "shellfire": 0.449, "shoot": 0.76, "potshot": 0.508, "homicide": 0.254, "discharge": 0.188, "gunfire": 0.576, "headshot": 0.416, "drive-by killing": 0.004, "propulsion": 0.012, "intravenous injection": 0.141, "propelling object": 0.185, "administering injection": 0.174, "directed movement": 0.093, "artillery fire": 0.258, "mortar attack": 0.205, "infusing": 0.199, "intramuscular injection": 0.194, "support by fire": 0.019, "injecting with diphtheria vaccine": 0.234, "administering drug": 0.174, "attack by fire": 0.144, "subcutaneous injection": 0.11, "picking off": 0.123, "killing": 0.424, "gun": 0.505, "fighting war": 0.084, "killing people": 0.353}, "shoplifting": {"shoplifting": 1.0, "larceny": 0.626, "crime": 0.298}, "stealing": {"stealing": 1.0, "robbing": 0.703, "violating obligation": 0.359, "taking something": 0.264, "human activity": 0.013, "going to the store": 0.188, "going to a laundromat": 0.188, "being arrested": 0.108, "going to jail": 0.188, "owning property": 0.308}, "vandalism": {"vandalism": 1.0, "destruction": 0.222, "mischief": 0.412}}